{
  "native": [
    38.923383000110334,
    37.913169000603375,
    37.28980599953502,
    37.532715999986976,
    37.21308000058343,
    37.16561700002785,
    37.021236999862595,
    37.18770300019969,
    37.219247999928484,
    37.532972999542835
  ],
  "sgx_total": [
    3767.262032999497,
    3758.7828509995234,
    3737.5942480002777,
    3736.0483030006435,
    3761.833622999802,
    3758.183867000298,
    3729.278370999964,
    3755.319762999534,
    3764.5086639995498,
    3761.5565959995365
  ],
  "sgx_p1": [
    37.706034000621,
    39.28978800013283,
    39.487049999479495,
    39.30527299962705,
    39.37518499969883,
    39.10613099924376,
    39.17686499971751,
    39.19528599999467,
    39.176131000203895,
    39.12747899994429
  ],
  "sgx_p2": [
    3729.552873999637,
    3719.4902019991787,
    3698.1047310000577,
    3696.740784999747,
    3722.4554340000395,
    3719.0749689998484,
    3690.099112000098,
    3716.1218420005753,
    3725.3299300000435,
    3722.426588000417
  ],
  "attestation_sizes": [
    4734,
    4734,
    4734,
    4734,
    4734,
    4734,
    4734,
    4734,
    4734,
    4734
  ]
}